text,label
"Urgent! Hiring 20 general workers at ZCCM Mine. No experience needed. Send K150 registration fee via mobile money to secure your slot. Limited spots, apply today!",fake
"MTN Zambia is recruiting for the position of Customer Service Representative. Apply via our official careers page at mtn.co.zm/careers before the closing date of 30th September.",genuine
"Congratulations! You have been selected for a fully funded scholarship to study in Canada. Send your passport details and a processing fee of $50 to claim your spot now.",fake
"University of Zambia is inviting applications for the 2027 intake. Visit unza.zm/admissions for requirements and application guidelines. No application fee is charged.",genuine
"Zambia Revenue Authority is urgently recruiting Data Clerks. WhatsApp your CV and a K200 processing fee to 097xxxxxxx to be considered immediately.",fake
"Airtel Zambia announces graduate trainee positions for 2027. Interested candidates should apply through airtel.com/zm/careers by the stated deadline.",genuine
"Chinese company offering jobs in Lusaka, salary $800, no interview required. Just pay K300 for your work permit processing and start immediately.",fake
"The Ministry of Health is recruiting registered nurses for public hospitals. Applications must be submitted through the Public Service Microsystem (PSM) portal.",genuine
"DStv Zambia is giving out free scholarships to 50 lucky winners. Click the link and pay a small verification fee of K100 to claim yours today.",fake
"Cavendish University Zambia is offering merit-based scholarships for the 2027 academic year. Apply through the admissions office with your academic transcripts.",genuine
"URGENT VACANCY: Warehouse assistants needed in Kitwe. Send K250 uniform deposit via mobile money before Friday to reserve your position.",fake
"Indeni Petroleum Refinery has an opening for a Mechanical Technician. Full details and application instructions are available on their official website.",genuine
"Work from home and earn $500 weekly! No skills needed, just register with a one-time fee of K180 to get started today.",fake
"Zambia National Commercial Bank (ZANACO) is recruiting Bank Tellers nationwide. Apply online through the official ZANACO careers portal before the deadline.",genuine
"You have won a fully paid scholarship to the UK! Reply with your bank details and ID number within 24 hours to avoid losing this opportunity.",fake
"Copperbelt University is accepting applications for postgraduate programmes starting 2027. Application forms are available on the university's official website.",genuine
"Hiring drivers urgently for a logistics company. WhatsApp your license copy and pay K120 for background check processing to be shortlisted.",fake
"National Pension Scheme Authority (NAPSA) is recruiting for various administrative positions. See the official NAPSA website for full job descriptions.",genuine
"Get a government job guaranteed! Pay K400 registration to our agent and start work within a week, no CV needed.",fake
"Lusaka City Council is inviting applications for the position of Environmental Health Officer. Applications close on the date stated in the official notice.",genuine
"Scholarship alert! Fully funded MBA in South Africa, only 10 slots left. Send $30 application fee via WhatsApp to confirm your seat.",fake
"Stanbic Bank Zambia is recruiting graduate trainees for its 2027 programme. Applications are submitted exclusively through the Stanbic careers website.",genuine
"Housemaid and gardener jobs available in Lusaka, salary K3000. Pay K100 agent fee to get connected with employers immediately.",fake
"The Zambia Institute of Chartered Accountants (ZICA) is offering student sponsorships. Full criteria are listed on the official ZICA website.",genuine
"Congratulations, your number has been selected for a UN internship. Send your ID and K200 verification fee to proceed with onboarding.",fake
"First National Bank Zambia has open vacancies for Relationship Managers. Interested applicants should apply through the FNB Zambia careers page.",genuine
"Earn money daily doing simple online tasks. Registration fee of K80 required before you can start earning. Limited slots available.",fake
"Konkola Copper Mines is recruiting artisans and technicians. All applications must go through the official KCM recruitment portal, no fees are charged.",genuine
"You are eligible for a Chinese government scholarship. Send $40 processing fee and your passport scan within 48 hours to secure it.",fake
"The Bank of Zambia is recruiting Economists for its research department. Applications are submitted via the official Bank of Zambia website only.",genuine
"URGENT!! 50 drivers needed for a new logistics company in Lusaka. Pay K300 registration. Call 0966XXXXXX now",fake
"Zambia Postal Services Corporation is recruiting mail officers. Apply via www.zampost.co.zm. No application fee",genuine
"Congratulations! You have won a scholarship to study in Turkey. Send K1,500 for visa processing to claim",fake
"Mulungushi University is accepting applications for 2027 intake. Visit www.mu.ac.zm. Application fee is K150 payable at the bank",genuine
"Earn K10,000 per month working from home! No qualifications needed. Just pay K250 training fee via mobile money",fake
"Chilanga Cement is hiring Production Supervisors. Submit applications to hr@chilangacement.com. Deadline 15 December 2026",genuine
"URGENT: Teachers needed for international schools in Dubai. Salary K25,000 monthly. Pay K800 for interview slot",fake
"National Assembly of Zambia is recruiting Hansard Reporters. Apply through www.parliament.gov.zm. No fees required",genuine
"Your CV has been shortlisted for a UN job in Geneva! Send K500 processing fee and passport copy to confirm",fake
"Zambia Sugar Plc is looking for Electrical Engineers. Visit www.zambiasugar.com/careers to apply. Deadline 30 November 2026",genuine
"Fully funded scholarship to Australia! No IELTS. Send K900 application fee before slots close this week",fake
"Konkola Copper Mines is recruiting Mine Captains. Applications to recruitment@kcm.co.zm. No fee is charged",genuine
"Get a job at Shoprite today! Pay only K150 for uniform and start tomorrow. WhatsApp 0977XXXXXX",fake
"Zambia Revenue Authority is recruiting Tax Inspectors. Apply via www.zra.org.zm. Applications close 20 December 2026",genuine
"Government is giving free jobs to all youth! Pay K200 to register at our office and receive placement letter",fake
"Bank of Zambia is recruiting Economists. Visit www.boz.zm/careers for details. No application fee",genuine
"WIN a scholarship to study in China! Just pay K400 for document translation and secure your slot now",fake
"Copperbelt University is accepting postgraduate applications. Visit www.cbu.ac.zm. Application fee applies",genuine
"Immediate hiring! 100 house helpers needed in Lusaka. Salary K5,000. Pay K100 registration fee",fake
"Lusaka Water and Sewerage Company is recruiting Plumbers. Apply via www.lwsc.com.zm. Deadline 10 December 2026",genuine
"Scholarship alert! Full tuition to Canada. Only 5 slots. Pay K1,200 for processing via mobile money now",fake
"Zambia Electricity Supply Corporation (ZESCO) is recruiting Graduate Trainees. Apply at www.zesco.co.zm",genuine
"Nurse jobs in the UK! No experience needed. Pay K2,000 for visa processing. Call 0955XXXXXX",fake
"Ministry of Education is recruiting teachers for 2027. Apply via www.moe.gov.zm. No fees required",genuine
"Get rich quick! K50,000 monthly from online work. Pay K300 registration. WhatsApp us now!",fake
"Zambia Information and Communications Technology Authority (ZICTA) is recruiting ICT Officers. Visit www.zicta.zm",genuine
"You are the lucky winner of a K20,000 grant! Pay K500 to process your claim. Send your bank details",fake
"National Pension Scheme Authority (NAPSA) is recruiting Benefits Officers. Apply at www.napsa.co.zm",genuine
"URGENT!! Air hostess jobs in Qatar. Salary K18,000. Pay K1,000 for medicals. Only 20 slots left",fake
"Standard Chartered Bank Zambia is recruiting Relationship Managers. Visit sc.com/careers. No fees",genuine
"URGENT! 20 receptionists needed in Lusaka hotels. Salary K6,000. Pay K150 for uniform before interview",fake
"Zambia Development Agency is recruiting Investment Officers. Apply via www.zda.org.zm. No application fee",genuine
"Free scholarship to Russia! Just pay K700 for flight booking. WhatsApp us now for your slot",fake
"Indeni Petroleum Refinery is recruiting Mechanical Technicians. Visit www.indeni.co.zm for details. No fees",genuine
"You've been selected for a Canada work visa! Pay K2,500 processing fee to receive your documents",fake
"Zambia Airports Corporation is recruiting Security Officers. Apply at www.zac.co.zm. Deadline 5 January 2027",genuine
"K5,000 daily from Bitcoin trading! Pay K500 to join our group and start earning today",fake
"National Housing Authority is recruiting Quantity Surveyors. Apply via www.nha.org.zm. No fees charged",genuine
"Hospital jobs in South Africa! Nurses needed urgently. Pay K1,500 for registration and travel",fake
"Road Development Agency is recruiting Civil Engineers. Visit www.rda.org.zm/careers. Deadline 15 January 2027",genuine
"Win a K50,000 business grant! Pay only K300 processing fee. Send your full name and bank details",fake
"Zambia Public Procurement Authority is recruiting Procurement Officers. Apply via www.zppa.org.zm",genuine
"URGENT: Cleaners needed in Dubai. Salary K8,000. Pay K600 for visa processing. Only 15 slots",fake
"Zambia Compulsory Standards Agency is recruiting Inspectors. Visit www.zcsa.org.zm for details",genuine
"You have been awarded a scholarship to Harvard! Send K1,000 to claim. Contact us on WhatsApp now",fake
"National Road Fund Agency is recruiting Accountants. Apply via www.nrfa.org.zm. No application fee",genuine
"Hotel jobs in Qatar! Salary K12,000. No experience needed. Pay K900 for medicals. Immediate start",fake
"Zambia Medicines Regulatory Authority is recruiting Pharmacists. Visit www.zamra.co.zm. No fees",genuine
"Congratulations! You won a K15,000 cash prize. Send K400 to process your winnings. Hurry!",fake
"Zambia Environmental Management Agency is recruiting Environmental Officers. Apply at www.zema.org.zm",genuine
"URGENT: Security guards needed in Johannesburg. Salary K9,000. Pay K500 agent fee. WhatsApp now",fake
"Zambia Tourism Agency is recruiting Marketing Officers. Visit www.zambiatourism.com. No application fee",genuine
"Fully funded scholarship to Germany! Pay only K800 for documentation. Limited slots available",fake
"Zambia Institute of Mass Communication is recruiting Lecturers. Apply via www.zimco.ac.zm",genuine
"Earn K30,000 monthly from forex trading! Pay K1,000 training fee. WhatsApp 0955XXXXXX now",fake
"National Health Insurance Management Authority is recruiting Claims Officers. Visit www.nhima.co.zm",genuine
"Nanny jobs in the UK! Salary K15,000. No experience needed. Pay K1,200 for visa. Call now",fake
"Zambia Bureau of Standards is recruiting Laboratory Technicians. Apply via www.zabs.org.zm",genuine
"You have been selected to work in Canada! Send K3,000 for work permit processing immediately",fake
"National Museums Board of Zambia is recruiting Curators. Visit www.nationalmuseums.org.zm",genuine
"Urgent hire: 50 sales agents needed. Salary K7,000 monthly. Pay K200 registration. WhatsApp 0977XXXXXX",fake
"Zambia Revenue Authority is recruiting Customs Officers. Apply via www.zra.org.zm. No application fee",genuine
"Fully funded scholarship to Norway! Send K1,100 for document processing. Only 8 slots left this week",fake
"Zambia Metrological Department is recruiting Meteorologists. Visit www.met.gov.zm/careers",genuine
"URGENT: Farm workers needed in Israel. Salary K20,000. Pay K1,500 for ticket. WhatsApp us today",fake
"Ministry of Agriculture is recruiting Agricultural Officers. Apply via www.agriculture.gov.zm. No fees",genuine
"You won a scholarship to Oxford! Pay K1,300 for processing fee to receive your admission letter",fake
"Zambia Development Agency is recruiting Business Analysts. Visit www.zda.org.zm. No application fee",genuine
"Cashier jobs at Shoprite! Pay K100 for uniform and start immediately. WhatsApp 0966XXXXXX",fake
"Zambia Standards Agency is recruiting Quality Assurance Officers. Visit www.zabs.org.zm",genuine
"Immediate hiring: 100 security guards needed in Lusaka. Pay K150 for uniform. Salary K5,000",fake
"Zambia Forest Department is recruiting Forestry Officers. Apply via www.zfd.gov.zm. No fees",genuine
"Get a job at Pick n Pay today! Pay K120 for uniform and start tomorrow. WhatsApp 0955XXXXXX",fake
"Zambia National Broadcasting Corporation is recruiting Journalists. Apply via www.znbc.co.zm",genuine
"Scholarship alert: Full tuition to USA! Pay only K1,500 for application processing. Slots closing soon",fake
"Zambia Railways Limited is recruiting Locomotive Engineers. Visit www.zrl.com.zm/careers",genuine
"URGENT: Domestic workers needed in Oman. Salary K7,500. Pay K800 for visa. Immediate departure",fake
"Zambia Agricultural Research Institute is recruiting Research Officers. Apply via www.zari.gov.zm",genuine
"Congratulations! You've won a K10,000 tender. Pay K500 processing fee to receive your contract documents",fake
"Zambia Institute of Policy Analysis is recruiting Researchers. Visit www.zipar.org.zm. No fees",genuine
"Driver jobs in Dubai! Salary K14,000. Pay K1,200 for license conversion. Call 0977XXXXXX",fake
"Zambia Chamber of Commerce is recruiting Trade Officers. Apply via www.zacci.org.zm. No fees",genuine
"URGENT: 30 teachers needed in Rwanda. Pay K700 for document translation. Salary K12,000 monthly",fake
"Zambia Revenue Authority is recruiting IT Officers. Apply via www.zra.org.zm. No application fee",genuine
"Fully funded MBA in the UK! Pay only K2,000 for processing. Slots are limited, apply today!",fake
"Zambia Public Service Commission is recruiting Administrators. Visit www.psc.gov.zm. No fees",genuine
"Hotel staff needed in the Bahamas! Salary K10,000. Pay K1,000 for medicals. Immediate start",fake
"Zambia Postal Services is recruiting Couriers. Apply via www.zampost.co.zm. No application fee",genuine
"Work online and earn K15,000 weekly! No experience needed. Pay K350 registration. WhatsApp 0955XXXXXX",fake
"Zambia National Housing Authority is recruiting Planners. Apply via www.nha.org.zm. No application fee",genuine